-- ZZIK LIVE Test Data Seed Script
-- μ‚Όμ¤‘ κ²€μ¦ ν…μ¤νΈλ¥Ό μ„ν• λ°λ¨ λ°μ΄ν„°

-- Enable PostGIS extension
CREATE EXTENSION IF NOT EXISTS postgis;

-- Clear existing data (for development only)
TRUNCATE TABLE "Ledger", "Reel", "Receipt", "QRToken", "Voucher", "Offer", "Place", "User" CASCADE;

-- Demo Users
INSERT INTO "User"(id, nickname, email, phone, "createdAt", "updatedAt") VALUES
  ('user_demo_001', 'demoA', 'demoA@zzik.live', '010-1234-5678', NOW(), NOW()),
  ('user_demo_002', 'demoB', 'demoB@zzik.live', '010-2345-6789', NOW(), NOW()),
  ('user_demo_003', 'testUser', 'test@zzik.live', '010-3456-7890', NOW(), NOW());

-- Demo Places (μ„μΈ μ£Όμ” μ§€μ—­)
-- PostGIS geography νƒ€μ… μ‚¬μ©
INSERT INTO "Place"(id, name, location, geohash6, address, popularity, category, "createdAt", "updatedAt") VALUES
  ('place_001', 'ZZIK Demo Cafe', ST_GeogFromText('POINT(126.9780 37.5665)'), 'wydm6v', 'μ„μΈνΉλ³„μ‹ μ¤‘κµ¬ μ„ΈμΆ…λ€λ΅ 110', 0.91, 'cafe', NOW(), NOW()),
  ('place_002', 'ZZIK Hair Salon', ST_GeogFromText('POINT(126.9820 37.5650)'), 'wydm6v', 'μ„μΈνΉλ³„μ‹ μ¤‘κµ¬ λ…λ™κΈΈ 14', 0.86, 'beauty', NOW(), NOW()),
  ('place_003', 'ZZIK Restaurant', ST_GeogFromText('POINT(127.0276 37.4979)'), 'wydjbp', 'μ„μΈνΉλ³„μ‹ κ°•λ‚¨κµ¬ ν…ν—¤λ€λ΅ 152', 0.93, 'restaurant', NOW(), NOW()),
  ('place_004', 'ZZIK Fitness', ST_GeogFromText('POINT(126.9230 37.5172)'), 'wydm62', 'μ„μΈνΉλ³„μ‹ μλ“±ν¬κµ¬ μ—¬μλ€λ΅ 86', 0.78, 'fitness', NOW(), NOW()),
  ('place_005', 'ZZIK Bookstore', ST_GeogFromText('POINT(127.0592 37.5445)'), 'wydjw4', 'μ„μΈνΉλ³„μ‹ μ„±λ™κµ¬ μ™•μ‹­λ¦¬λ΅ 88', 0.82, 'retail', NOW(), NOW());

-- Active Offers
INSERT INTO "Offer"(id, "placeId", title, description, status, "validFrom", "validUntil", "maxRedemptions", "createdAt", "updatedAt") VALUES
  ('offer_001', 'place_001', 'μ•„λ©”λ¦¬μΉ΄λ…Έ λ¬΄λ£', 'μ²« λ°©λ¬Έ κ³ κ° μ•„λ©”λ¦¬μΉ΄λ…Έ 1μ” λ¬΄λ£', 'active', NOW(), NOW() + INTERVAL '7 day', 100, NOW(), NOW()),
  ('offer_002', 'place_002', 'ν—¤μ–΄λ“λΌμ΄ 50% ν• μΈ', 'μ‹ κ· κ³ κ° ν—¤μ–΄λ“λΌμ΄ μ„λΉ„μ¤ λ°κ°’', 'active', NOW(), NOW() + INTERVAL '3 day', 50, NOW(), NOW()),
  ('offer_003', 'place_003', 'λ°μΉ μ„ΈνΈ 20% ν• μΈ', 'ν‰μΌ λ°μΉνƒ€μ„ νΉλ³„ ν• μΈ', 'active', NOW(), NOW() + INTERVAL '14 day', NULL, NOW(), NOW()),
  ('offer_004', 'place_004', 'μ›” νμ›κ¶ 30% ν• μΈ', 'μ²« λ‹¬ νμ›κ¶ νΉλ³„κ°€', 'active', NOW(), NOW() + INTERVAL '30 day', 30, NOW(), NOW()),
  ('offer_005', 'place_005', 'λ„μ„ 2κ¶ κµ¬λ§¤ μ‹ 10% ν• μΈ', 'λ² μ¤νΈμ…€λ¬ λ„μ„ ν• μΈ μ΄λ²¤νΈ', 'active', NOW(), NOW() + INTERVAL '10 day', NULL, NOW(), NOW());

-- Issued Vouchers
INSERT INTO "Voucher"(id, "userId", "offerId", status, "expiresAt", "createdAt", "usedAt") VALUES
  ('voucher_001', 'user_demo_001', 'offer_001', 'issued', NOW() + INTERVAL '5 day', NOW(), NULL),
  ('voucher_002', 'user_demo_001', 'offer_003', 'used', NOW() + INTERVAL '10 day', NOW() - INTERVAL '1 day', NOW()),
  ('voucher_003', 'user_demo_002', 'offer_002', 'issued', NOW() + INTERVAL '2 day', NOW(), NULL),
  ('voucher_004', 'user_demo_003', 'offer_004', 'issued', NOW() + INTERVAL '25 day', NOW(), NULL);

-- QR Tokens
INSERT INTO "QRToken"(id, "codeHash", "placeId", status, "ttlSec", "createdAt", "usedAt", "usedBy") VALUES
  ('qr_001', '9e6cc0b49ea04e71e90c5652e1a67f0e', 'place_001', 'issued', 600, NOW(), NULL, NULL),
  ('qr_002', 'a7f9c1d5b2e8a4c6f1d3b5e7a2c4f6e8', 'place_002', 'used', 600, NOW() - INTERVAL '1 hour', NOW() - INTERVAL '50 minute', 'user_demo_001'),
  ('qr_003', 'b8e7d2c6a9f4e1b3c5d7e9f1b3d5e7f9', 'place_003', 'issued', 600, NOW(), NULL, NULL);

-- Receipts
INSERT INTO "Receipt"(id, "userId", "placeId", total, "paidAt", "ocrStatus", "mediaUrl", "ocrData", "createdAt", "updatedAt") VALUES
  ('receipt_001', 'user_demo_001', 'place_001', 8500, NOW() - INTERVAL '2 hour', 'completed', 
   'https://storage.zzik.live/receipts/demo001.jpg', 
   '{"items": [{"name": "μ•„λ©”λ¦¬μΉ΄λ…Έ", "price": 4500}, {"name": "ν¬λ΅μ™€μƒ", "price": 4000}]}'::jsonb,
   NOW() - INTERVAL '2 hour', NOW() - INTERVAL '1 hour'),
  
  ('receipt_002', 'user_demo_002', 'place_003', 25000, NOW() - INTERVAL '1 day', 'completed',
   'https://storage.zzik.live/receipts/demo002.jpg',
   '{"items": [{"name": "λ°μΉμ„ΈνΈA", "price": 12000}, {"name": "λ°μΉμ„ΈνΈB", "price": 13000}]}'::jsonb,
   NOW() - INTERVAL '1 day', NOW() - INTERVAL '23 hour');

-- Reels
INSERT INTO "Reel"(id, "userId", "placeId", url, "thumbnailUrl", "durationMs", "viewCount", tags, "createdAt", "updatedAt") VALUES
  ('reel_001', 'user_demo_001', 'place_001', 
   'https://storage.zzik.live/reels/demo001.mp4',
   'https://storage.zzik.live/reels/thumbs/demo001.jpg',
   15000, 342, ARRAY['μΉ΄ν', 'μ»¤ν”Ό', 'λ””μ €νΈ'], NOW() - INTERVAL '3 hour', NOW()),
  
  ('reel_002', 'user_demo_002', 'place_003',
   'https://storage.zzik.live/reels/demo002.mp4',
   'https://storage.zzik.live/reels/thumbs/demo002.jpg',
   12000, 567, ARRAY['λ§›μ§‘', 'λ°μΉ', 'κ°•λ‚¨'], NOW() - INTERVAL '1 day', NOW()),
  
  ('reel_003', 'user_demo_003', 'place_002',
   'https://storage.zzik.live/reels/demo003.mp4',
   'https://storage.zzik.live/reels/thumbs/demo003.jpg',
   18000, 189, ARRAY['ν—¤μ–΄', 'λΉ„ν¬μ• ν”„ν„°', 'μ¤νƒ€μΌλ§'], NOW() - INTERVAL '5 hour', NOW());

-- Ledger Entries
INSERT INTO "Ledger"(id, "userId", type, amount, balance, reason, meta, "createdAt") VALUES
  ('ledger_001', 'user_demo_001', 'credit', 1000, 1000, 'μμμ¦ μΈμ¦ λ¦¬μ›λ“', 
   '{"receiptId": "receipt_001", "placeId": "place_001"}'::jsonb, NOW() - INTERVAL '2 hour'),
  
  ('ledger_002', 'user_demo_001', 'credit', 500, 1500, 'λ¦΄μ¤ μ΅°νμ λ¦¬μ›λ“',
   '{"reelId": "reel_001", "milestone": 100}'::jsonb, NOW() - INTERVAL '1 hour'),
  
  ('ledger_003', 'user_demo_002', 'credit', 1500, 1500, 'μμμ¦ μΈμ¦ λ¦¬μ›λ“',
   '{"receiptId": "receipt_002", "placeId": "place_003"}'::jsonb, NOW() - INTERVAL '1 day'),
  
  ('ledger_004', 'user_demo_002', 'debit', 500, 1000, 'λ°”μ°μ² μ‚¬μ©',
   '{"voucherId": "voucher_002", "offerId": "offer_003"}'::jsonb, NOW() - INTERVAL '12 hour');

-- Create spatial index
CREATE INDEX IF NOT EXISTS idx_place_location ON "Place" USING GIST ((location));

-- Create additional indexes
CREATE INDEX IF NOT EXISTS idx_voucher_user_status ON "Voucher"("userId", status);
CREATE INDEX IF NOT EXISTS idx_offer_valid_status ON "Offer"(status, "validUntil" DESC);
CREATE INDEX IF NOT EXISTS idx_reel_place_created ON "Reel"("placeId", "createdAt" DESC);
CREATE INDEX IF NOT EXISTS idx_ledger_user_created ON "Ledger"("userId", "createdAt" DESC);

-- μ„±κ³µ λ©”μ‹μ§€
\echo 'π† ZZIK LIVE ν…μ¤νΈ λ°μ΄ν„° μ‹λ“ μ™„λ£!'
\echo 'π” μ‚Όμ¤‘ κ²€μ¦ μ‹μ¤ν… ν…μ¤νΈ μ¤€λΉ„ μ™„λ£: GPS + QR + μμμ¦'